Track URI,Track Name,Album Name,Artist Name(s),Release Date,Duration (ms),Popularity,Explicit,Added By,Added At,Genres,Record Label,Danceability,Energy,Key,Loudness,Mode,Speechiness,Acousticness,Instrumentalness,Liveness,Valence,Tempo,Time Signature
spotify:track:5xHgo5JN0wfsV41HnRaos5,"The Giver","The Giver","Chappell Roan",2025-03-13,202768,73,false,menisadi,2025-12-15T20:17:44Z,"","Chappell Roan PS/ Island",0.558,0.901,4,-3.208,1,0.0583,0.0731,0,0.348,0.678,93.024,4
spotify:track:2262bWmqomIaJXwCRHr13j,"Sailor Song","Sailor Song","Gigi Perez",2024-07-26,211978,88,false,menisadi,2025-12-15T20:17:44Z,"","Gigi Perez PS/ Island",0.494,0.413,11,-10.432,1,0.0254,0.682,0.0000672,0.193,0.273,94.938,4
spotify:track:5LfgzPHvka22FdRAxOme6m,"At The Beach, In Every Life","At The Beach, In Every Life","Gigi Perez",2025-04-25,237809,69,false,menisadi,2025-12-15T20:17:44Z,"","Outtahere, LLC / Island Records",0.459,0.426,1,-8.581,1,0.0305,0.559,0.00000703,0.154,0.251,84.053,4
spotify:track:6MrLkXsMmHaYt680fhJUAq,"12 to 12","12 to 12","sombr",2025-07-24,242903,85,false,menisadi,2025-12-15T20:17:44Z,"","Warner Records",0.656,0.902,11,-2.586,0,0.057,0.0118,0.00000589,0.0949,0.505,123.981,4
spotify:track:2J051fjLklkoPbzOoTAACZ,"Sally, When The Wine Runs Out","Kansas Anymore (The Longest Goodbye)","ROLE MODEL",2025-02-14,218660,83,true,menisadi,2025-12-15T20:17:44Z,"bedroom pop","Interscope Records",0.678,0.814,1,-6.065,1,0.0294,0.015,0,0.104,0.857,119.974,4
spotify:track:3QzbEvmnuZIONNv82PylZb,"Our Own House","Our Own House","MisterWives",2015-02-24,232186,51,false,menisadi,2025-12-15T20:17:44Z,"","Photo Finish / Republic Records",0.559,0.76,8,-4.682,1,0.0575,0.00228,0.000481,0.052,0.433,125.773,4
spotify:track:7o3xJRQhpHRZ6IbyQX2xrp,"we never dated","we never dated","sombr",2025-06-20,196931,73,false,menisadi,2025-12-15T20:17:44Z,"","Warner Records",0.589,0.873,6,-4.509,1,0.0313,0.145,0.000226,0.153,0.966,104.031,4
spotify:track:5dUOWlWWYdAgqeXwTgbaKt,"21st Century Cool Girl","21st Century Cool Girl","Chloe Qisha",2025-01-22,197655,58,false,menisadi,2025-12-15T20:17:44Z,"","VLF Records / Are You Serious? Records",0.493,0.634,5,-6.1,1,0.061,0.253,0,0.115,0.462,114.099,4
spotify:track:6dOtVTDdiauQNBQEDOtlAB,"BIRDS OF A FEATHER","HIT ME HARD AND SOFT","Billie Eilish",2024-05-17,210373,95,false,menisadi,2025-12-15T20:17:44Z,"","Darkroom/Interscope Records",0.747,0.507,2,-10.171,1,0.0358,0.2,0.0608,0.117,0.438,104.978,4
spotify:track:0DwaOWI1kC2s98qLj0LTDd,"La Lune","Writing of Blues and Yellows (Deluxe Version)","Billie Marten",2016-09-23,187266,62,false,menisadi,2025-12-15T20:17:44Z,"","Chess Club/RCA Victor",0.296,0.342,2,-11.879,1,0.0471,0.882,0.000967,0.0748,0.0794,52.001,4
spotify:track:203bhpOhWluOytYjvwQfl7,"Sunset","Desire, I Want To Turn Into You","Caroline Polachek",2023-02-14,162909,53,false,menisadi,2025-12-15T20:17:44Z,"art pop","Perpetual Novice",0.642,0.753,11,-5.352,0,0.0577,0.609,0.00004,0.231,0.698,122.027,4
spotify:track:53iuhJlwXhSER5J2IYYv1W,"The Fate of Ophelia","The Life of a Showgirl","Taylor Swift",2025-10-03,226073,100,false,menisadi,2025-12-15T20:17:44Z,"","Taylor Swift",0.726,0.598,5,-5.179,1,0.0291,0.265,0,0.102,0.519,123.921,4
spotify:track:0k4XDoI1iCB3fV2RstqiYA,"THINGS BEHIND THINGS BEHIND THINGS","SABLE, fABLE","Bon Iver",2025-04-11,200589,61,false,menisadi,2025-12-15T20:17:44Z,"","Jagjaguwar",0.413,0.467,9,-9.282,1,0.0292,0.732,0.0111,0.0711,0.377,157.338,4
spotify:track:4HOKq0bN93FsAhtZ5Wdq3y,"Long Blue Light","Long Blue Light","Leif Vollebekk",2020-11-10,200173,66,false,menisadi,2025-12-15T20:17:44Z,"","Secret City Records",0.568,0.483,9,-9.12,1,0.0297,0.53,0.0972,0.183,0.508,142.52,4
spotify:track:1BBVsOxgQ2soUs87ypiMZH,"Hemingway","Hemingway","girl in red",2025-05-30,196697,60,false,menisadi,2025-12-15T20:17:44Z,"bedroom pop","Columbia",0.439,0.547,10,-10.348,1,0.0424,0.471,0.000154,0.131,0.674,165.964,4
spotify:track:7zHO50QOb1eTYdZSvLgPwm,"The Hudson","The Hudson","The Favors;FINNEAS;Ashe",2025-07-11,216964,59,false,menisadi,2025-12-15T20:17:44Z,"","Darkroom Records",0.514,0.413,3,-7.184,0,0.0279,0.383,0.0000028,0.287,0.291,73.517,4
spotify:track:0VySCkMP67vSTy9IrzbvHE,"Chemistry","Chemistry","Gigi Perez",2025-02-28,284137,56,true,menisadi,2025-12-15T20:17:44Z,"","Gigi Perez PS/ Island",0.368,0.65,5,-7.557,0,0.0478,0.166,0,0.11,0.195,173.875,4
spotify:track:3Kj2EWpIBnvETsYq4cq0IH,"Big Black Car","This Empty Northern Hemisphere","Gregory Alan Isakov",2009-01-01,217466,74,false,menisadi,2025-12-15T20:17:44Z,"indie folk,folk,folk pop","Suitcase Town Music",0.6,0.186,3,-15.926,1,0.0317,0.909,0.00102,0.104,0.468,110.044,4
spotify:track:5YBOkJ0ahbk9KJQSpInIYg,"Did I Say Too Much","No Hard Feelings","The Beaches",2025-08-29,188512,54,true,menisadi,2025-12-15T20:17:44Z,"","The Beaches",0.394,0.853,1,-4.229,0,0.0906,0.013,0,0.123,0.296,165.88,4
spotify:track:2TVxnKdb3tqe1nhQWwwZCO,"Tiny Dancer","Madman Across The Water","Elton John",1971-11-05,377093,78,false,menisadi,2025-12-15T20:17:44Z,"","EMI",0.414,0.428,0,-11.097,1,0.0278,0.382,0.000243,0.148,0.282,145.075,4
spotify:track:2cyfSwcJRd5ikvj34eokdN,"Coloring Outside The Lines","Connect The Dots","MisterWives",2017-05-19,231306,41,true,menisadi,2025-12-15T20:17:44Z,"","Photo Finish / Republic Records",0.655,0.823,0,-4.28,1,0.0546,0.0196,0.0000914,0.546,0.622,111.007,4
spotify:track:4XosapYiYaXGcxc83p3DD9,"Everything Is Peaceful Love","SABLE, fABLE","Bon Iver",2025-04-11,210054,61,false,menisadi,2025-12-15T20:17:44Z,"","Jagjaguwar",0.587,0.859,7,-6.368,1,0.132,0.315,0.282,0.208,0.814,159.956,4
spotify:track:73pJ9jnsBhDIyXrIxlBKyZ,"Earthstar","Earthstar Mountain","Hannah Cohen",2025-03-28,243455,53,false,menisadi,2025-12-15T20:17:44Z,"","Bella Union",0.513,0.728,1,-8.563,0,0.0397,0.304,0.283,0.0786,0.479,152.006,4
spotify:track:2hitsKa8SthKhRJBXUHbIv,"Our House","Deja Vu","Crosby, Stills, Nash & Young",1970-03-11,179760,71,false,menisadi,2025-12-15T20:17:44Z,"folk rock,classic rock","Rhino Atlantic",0.592,0.205,9,-14.601,1,0.048,0.896,0.0000546,0.119,0.378,140.282,4
spotify:track:2plbrEY59IikOBgBGLjaoe,"Die With A Smile","Die With A Smile","Lady Gaga;Bruno Mars",2024-08-16,251667,92,false,menisadi,2025-12-15T20:17:44Z,"art pop,pop","Interscope",0.521,0.592,6,-7.777,0,0.0304,0.308,0,0.122,0.535,157.969,3
spotify:track:1daDRI9ahBonbWD8YcxOIB,"Angels Like You","Plastic Hearts","Miley Cyrus",2020-11-27,196454,82,false,menisadi,2025-12-15T20:17:44Z,"","RCA Records Label",0.672,0.642,5,-4.035,1,0.0313,0.0981,0,0.1,0.494,121.981,4
spotify:track:7FOgcfdz9Nx5V9lCNXdBYv,"Red Wine Supernova","The Rise and Fall of a Midwest Princess","Chappell Roan",2023-09-22,192720,80,true,menisadi,2025-12-15T20:17:44Z,"","Chappell Roan PS/ Island",0.657,0.82,9,-4.448,1,0.0441,0.0176,0,0.0847,0.709,124.041,4
spotify:track:7ne4VBA60CxGM75vw0EYad,"That’s So True","The Secret of Us (Deluxe)","Gracie Abrams",2024-10-18,166300,91,true,menisadi,2025-12-15T20:17:44Z,"","Gracie Abrams, under exclusive license to Interscope Records",0.554,0.808,1,-4.169,1,0.0368,0.214,0,0.159,0.372,108.548,4
spotify:track:7gKxCvTDWwV9wBhdeBbr3l,"Nice To Each Other","Nice To Each Other","Olivia Dean",2025-05-30,209000,89,false,menisadi,2025-12-15T20:17:44Z,"pop soul","PLG - Capitol",0.761,0.737,0,-6.869,1,0.049,0.406,0.00166,0.364,0.738,131.998,4
spotify:track:6qGVKjUodwfWPg4ZzZiA6S,"Vodka Cranberry","Wishbone","Conan Gray",2025-08-14,245664,73,false,menisadi,2025-12-15T20:17:44Z,"","Republic Records",0.397,0.655,5,-5.268,1,0.0324,0.498,0.00000187,0.0831,0.449,185.801,4
spotify:track:7BRD7x5pt8Lqa1eGYC4dzj,"CHIHIRO","HIT ME HARD AND SOFT","Billie Eilish",2024-05-17,303440,87,false,menisadi,2025-12-15T20:17:44Z,"","Darkroom/Interscope Records",0.7,0.425,7,-12.531,1,0.0529,0.144,0.879,0.083,0.521,110.015,4
spotify:track:1MxHIIzcTeFnaNsDGY3pfj,"Call It Dreaming","Beast Epic","Iron & Wine",2017-08-25,231754,66,false,menisadi,2025-12-15T20:17:44Z,"indie folk","Sub Pop Records",0.512,0.501,5,-9.971,1,0.0325,0.609,0.0000625,0.0973,0.726,79.989,4
spotify:track:0CZ8lquoTX2Dkg7Ak2inwA,"1950","1950","King Princess",2018-02-23,225133,65,true,menisadi,2025-12-15T20:17:44Z,"","Zelig Records, LLC./Columbia Records",0.6,0.535,4,-7.043,1,0.107,0.648,0.0000047,0.162,0.269,71.912,4
spotify:track:3B3eOgLJSqPEA0RfboIQVM,"Skinny Love","For Emma, Forever Ago","Bon Iver",2008-02-19,238520,75,false,menisadi,2025-12-15T20:17:44Z,"","Jagjaguwar",0.592,0.263,4,-14.029,0,0.0568,0.845,0.00000568,0.127,0.109,76.366,4
spotify:track:0WbMK4wrZ1wFSty9F7FCgu,"Good Luck, Babe!","Good Luck, Babe!","Chappell Roan",2024-04-05,218423,90,false,menisadi,2025-12-15T20:17:44Z,"","Chappell Roan PS/ Island",0.7,0.582,11,-5.96,0,0.0356,0.0502,0,0.0881,0.785,116.712,4
spotify:track:0Oqxt6JixieLHbwMfnJGWO,"Paris, Texas (feat. SYML)","Did you know that there's a tunnel under Ocean Blvd","Lana Del Rey;SYML",2023-03-24,206722,72,false,menisadi,2025-12-15T20:17:44Z,"","Polydor Records",0.287,0.102,0,-17.529,0,0.0334,0.985,0.0559,0.109,0.198,170.253,3
spotify:track:46uktboi95gUvrnfqoMJTr,"כל מה שיש לי","כל מה שיש לי","Rona Kenan",2024-08-15,204423,34,false,menisadi,2025-12-15T20:17:44Z,"","Helicon Music",0.73,0.419,5,-11.486,0,0.039,0.76,0.00128,0.0884,0.562,96.995,4
spotify:track:4FeYX8QKpNA1Nof6XLsMnv,"S P E Y S I D E","SABLE, fABLE","Bon Iver",2025-04-11,209077,67,false,menisadi,2025-12-15T20:17:44Z,"","Jagjaguwar",0.467,0.247,7,-14.161,1,0.0314,0.906,0.0157,0.157,0.258,140.232,4
spotify:track:0TFTAtCYhp2tQ9KcJIZb55,"undressed","I Barely Know Her","sombr",2025-08-22,182088,88,false,menisadi,2025-12-15T20:17:44Z,"","Warner Records",0.642,0.887,0,-3.883,1,0.0406,0.137,0,0.0829,0.888,115.999,4
spotify:track:0Z57YWES04xGh3AImDz6Qr,"Real Love Baby","Real Love Baby","Father John Misty",2016-07-26,189293,77,false,menisadi,2025-12-15T20:17:44Z,"","Sub Pop Records",0.417,0.686,7,-6.484,1,0.0373,0.0955,0.0287,0.0989,0.625,204.113,4
spotify:track:1fEGtTZjrjJW8eUeewnNJR,"Flightless Bird, American Mouth","The Shepherd's Dog","Iron & Wine",2007-09-25,241917,71,false,menisadi,2025-12-15T20:17:44Z,"indie folk","Sub Pop Records",0.369,0.403,3,-7.996,1,0.0259,0.827,0.0541,0.106,0.177,154.899,3
spotify:track:35ISBknsCeZQtq66xABI9g,"Messy","This Wasn't Meant For You Anyway","Lola Young",2024-06-21,284066,84,true,menisadi,2025-12-15T20:17:44Z,"","Universal-Island Records Ltd.",0.798,0.562,9,-5.913,1,0.0375,0.11,0.00606,0.122,0.647,110.991,4
spotify:track:0FTmksd2dxiE5e3rWyJXs6,"back to friends","back to friends","sombr",2024-12-27,199032,93,false,menisadi,2025-12-15T20:17:44Z,"","Warner Records",0.436,0.723,1,-2.291,1,0.0301,0.0000937,0.0000882,0.0929,0.235,92.855,4
spotify:track:4OjdtASj8p9hTwS3D555wk,"crooked the road.","crooked the road.","Mon Rovîa",2024-08-23,175609,71,false,menisadi,2025-12-15T20:17:44Z,"","Nettwerk Music Group",0.644,0.423,7,-12.206,1,0.0441,0.854,0.0092,0.115,0.231,164.045,4
spotify:track:4FuBIkfhZMoRgrDiHL6TYG,"Naked as We Came","Our Endless Numbered Days","Iron & Wine",2004-03-23,152613,40,false,menisadi,2025-12-15T20:17:44Z,"indie folk","Sub Pop Records",0.386,0.205,4,-16.699,1,0.0366,0.653,0.0448,0.106,0.623,172.373,4
spotify:track:4KROoGIaPaR1pBHPnR3bwC,"Pink Moon","Pink Moon","Nick Drake",1972-02-25,124000,66,false,menisadi,2025-12-15T20:17:44Z,"folk,singer-songwriter","UMC (Universal Music Catalogue)",0.642,0.427,3,-8.471,1,0.0402,0.871,0.0904,0.124,0.404,82.344,4
spotify:track:3xoM5gZ2RVQqLkjqEgrJ4x,"Nettles","Nettles","Ethel Cain",2025-06-04,483692,26,false,menisadi,2025-12-15T20:17:44Z,"southern gothic","Daughters of Cain Records",0.346,0.312,0,-9.482,1,0.0304,0.541,0.000379,0.101,0.144,130.069,4
spotify:track:1k2pQc5i348DCHwbn5KTdc,"Pink Pony Club","The Rise and Fall of a Midwest Princess","Chappell Roan",2023-09-22,258034,85,false,menisadi,2025-12-15T20:17:44Z,"","Chappell Roan PS/ Island",0.61,0.65,6,-6.199,1,0.0474,0.399,0,0.11,0.507,106.719,4
spotify:track:46s4mYaQ5YVmwxvDa0oYC3,"Relationships","I quit","HAIM",2025-06-20,202013,54,true,menisadi,2025-12-15T20:17:44Z,"","Polydor Records",0.73,0.665,2,-6.244,1,0.0861,0.0106,0,0.0696,0.822,101.003,4
spotify:track:3Tgv4rvWBVwnbmUTlJwzk0,"Do I Wanna Know? - Live At the BBC","Hozier (Special Edition)","Hozier",2014-09-19,257560,74,false,menisadi,2025-12-15T20:17:44Z,"","Universal-Island Records Ltd.",0.517,0.206,7,-10.841,1,0.0324,0.897,0.000829,0.12,0.221,137.204,4
spotify:track:4jiM2fAXVOxl4DAx3wraFx,"Suzanne","Songs Of Leonard Cohen","Leonard Cohen",1967-12-27,230284,65,false,menisadi,2025-12-15T20:17:44Z,"singer-songwriter","Columbia/Legacy",0.409,0.172,6,-16.441,0,0.039,0.921,0.00116,0.111,0.354,131.941,4
spotify:track:44alNkXsYnTyPnkMdohBcx,"Bloom (Online Bonus Track)","Woodland","The Paper Kites",2011-07-01,209816,64,false,menisadi,2025-12-15T20:17:44Z,"indie folk","The Paper Kites",0.581,0.421,1,-9.792,1,0.0245,0.894,0.000491,0.119,0.433,95.969,4
spotify:track:7DSAEUvxU8FajXtRloy8M0,"Flowers","Endless Summer Vacation","Miley Cyrus",2023-08-18,200600,85,false,menisadi,2025-12-15T20:17:44Z,"","Columbia",0.706,0.691,0,-4.775,1,0.0633,0.0584,0.0000699,0.0232,0.632,118.048,4
spotify:track:059gVW493dUeBHkn0gE1zm,"Older","Older","Lizzy McAlpine",2024-04-05,201183,60,false,menisadi,2025-12-15T20:17:44Z,"","Indigo Blue/RCA Records",0.391,0.167,3,-12.994,1,0.0355,0.908,0,0.118,0.189,88.665,3
spotify:track:76Cdo2E1HlmlHOHCHKscfy,"World on a String","Here in the Pitch","Jessica Pratt",2024-05-03,189640,42,false,menisadi,2025-12-15T20:17:44Z,"ambient folk","City Slang",0.459,0.213,2,-11.399,1,0.0355,0.922,0.00223,0.117,0.487,80.202,4
spotify:track:7CIKMtUUz31yX6MNX2nGbB,"Towers","Bon Iver, Bon Iver","Bon Iver",2011-06-21,188040,59,true,menisadi,2025-12-15T20:17:44Z,"","Jagjaguwar",0.379,0.334,9,-12.412,1,0.0316,0.945,0.708,0.273,0.133,91.565,4
spotify:track:6tNQ70jh4OwmPGpYy6R2o9,"Beautiful Things","Beautiful Things","Benson Boone",2024-01-18,180304,85,false,menisadi,2025-12-15T20:17:44Z,"","Night Street Records, Inc./Warner Records Inc.",0.472,0.471,10,-5.692,1,0.0603,0.151,0,0.14,0.219,105.029,3
spotify:track:4OzUKx8HTjGAeXqCIic9iD,"I Lied, I'm Sorry","I Lied, I'm Sorry","Chloe Qisha",2024-08-07,162300,54,true,menisadi,2025-12-15T20:17:44Z,"","VLF Records / Are You Serious? Records",0.673,0.742,4,-5.411,1,0.0418,0.0261,0.000093,0.145,0.761,128,4
spotify:track:35KiiILklye1JRRctaLUb4,"Holocene","Bon Iver, Bon Iver","Bon Iver",2011-06-21,336613,71,true,menisadi,2025-12-15T20:17:44Z,"","Jagjaguwar",0.374,0.304,1,-14.52,1,0.0302,0.943,0.298,0.126,0.147,147.969,4
spotify:track:1e0vsza0hIVYv9Mkz542qn,"Fable","Fable","Gigi Perez",2024-10-25,261005,73,false,menisadi,2025-12-15T20:17:44Z,"","Gigi Perez PS/ Island",0.324,0.3,10,-9.949,1,0.0295,0.417,0,0.0864,0.138,101.621,4
spotify:track:0bPSRn4crnh5f1JhELPlyL,"I Know A Place","About U","MUNA",2017-02-03,272806,52,false,menisadi,2025-12-15T20:17:44Z,"","RCA Records Label",0.685,0.9,5,-4.626,0,0.151,0.137,0,0.2,0.779,111.991,4
spotify:track:4wO2JlPZw72Xlu6dGUW4Ce,"Pushing It Down and Praying","Pushing It Down and Praying","Lizzy McAlpine",2024-09-20,234076,74,false,menisadi,2025-12-15T20:17:44Z,"","Indigo Blue/RCA Records",0.409,0.251,6,-10.294,1,0.0355,0.797,0.0000105,0.112,0.177,130.391,4
spotify:track:2HbDLvUR0SA1o9BDMAqqNM,"Ketchum, ID","boygenius","boygenius;Julien Baker;Phoebe Bridgers;Lucy Dacus",2018-10-26,215689,53,false,menisadi,2025-12-15T20:17:44Z,"ambient folk","Matador",0.393,0.104,0,-12.154,1,0.0339,0.908,0,0.389,0.214,117.851,3
spotify:track:4iZxeyibg6w4EFCOoAQ6Eh,"What You Know","Tourist History","Two Door Cinema Club",2010-02-17,191400,76,false,menisadi,2025-12-15T20:17:44Z,"indie,indie rock","Glassnote - VMG",0.556,0.763,6,-3.952,0,0.0413,0.000728,0.00000679,0.071,0.814,138.984,4
spotify:track:7qH9Z4dJEN0l9bidizW7fq,"Anchor","Bathing Beach","Novo Amor",2017-05-26,257533,81,false,menisadi,2025-12-15T20:17:44Z,"ambient folk","AllPoints",0.457,0.407,9,-11.475,1,0.0308,0.805,0.884,0.126,0.126,117.053,4
spotify:track:0vPAplC4nNHPeRl5TcRL47,"El Invento","Local Valley","José González",2021-09-17,153413,55,false,menisadi,2025-12-15T20:17:44Z,"indie folk","City Slang",0.576,0.37,9,-11.581,1,0.0382,0.949,0.0719,0.104,0.38,79.184,4
spotify:track:4Ozk6GESL4KkJ0C1yXgDLf,"Fuck Me Eyes","Willoughby Tucker, I'll Always Love You","Ethel Cain",2025-08-08,364800,66,true,menisadi,2025-12-15T20:17:44Z,"southern gothic","Daughters of Cain Records",0.191,0.691,7,-6.848,1,0.0382,0.00159,0.000274,0.107,0.0625,100.228,4
spotify:track:7bzzC7QIfflM9eEj2aqaYX,"Blue Ridge Mountains","Fleet Foxes","Fleet Foxes",2008-06-03,265773,64,false,menisadi,2025-12-15T20:17:44Z,"indie folk,folk,indie","Sub Pop Records",0.533,0.426,8,-8.505,0,0.0273,0.708,0.000488,0.101,0.274,97.905,4
spotify:track:24ntSW3QVJzR79lHAAOTaY,"Texas Sun","Texas Sun","Khruangbin;Leon Bridges",2020-02-07,252811,76,false,menisadi,2025-12-15T20:17:44Z,"neo-psychedelic,retro soul","Dead Oceans",0.636,0.634,7,-10.01,1,0.0342,0.0364,0.147,0.0998,0.599,111.563,4
spotify:track:2MvvoeRt8NcOXWESkxWn3g,"Ribs","Pure Heroine","Lorde",2013-09-27,258969,84,false,menisadi,2025-12-15T20:17:44Z,"","Universal Music New Zealand Limited",0.525,0.472,4,-9.277,1,0.0739,0.534,0.614,0.11,0.0424,127.945,4
spotify:track:71iSmEeF0qRVyULABxP75P,"Shake It Out","Ceremonials (Original Deluxe Version)","Florence + The Machine",2011-01-01,277600,72,false,menisadi,2025-12-15T20:17:44Z,"baroque pop","Universal-Island Records Ltd.",0.519,0.798,10,-4.204,1,0.0377,0.00864,0,0.107,0.212,107.509,4
spotify:track:5xo8RrjJ9CVNrtRg2S3B1R,"Motion Sickness","Stranger in the Alps","Phoebe Bridgers",2017-09-22,229760,76,false,menisadi,2025-12-15T20:17:44Z,"","Dead Oceans",0.651,0.546,1,-9.021,1,0.0357,0.774,0.0437,0.0842,0.623,107.021,4
spotify:track:6Qb7gtV6Q4MnUjSbkFcopl,"50 Ways to Leave Your Lover","Still Crazy After All These Years","Paul Simon",1975-10-25,217573,73,false,menisadi,2025-12-15T20:17:44Z,"singer-songwriter","Legacy Recordings",0.815,0.372,7,-12.814,1,0.0752,0.166,0.000116,0.0767,0.293,101.684,4
spotify:track:0QW0KPBXXv67haGjbtkRRB,"Image","Imaginal Disk","Magdalena Bay",2024-08-23,212866,62,false,menisadi,2025-12-15T20:17:44Z,"","Mom+Pop",0.611,0.863,5,-6.369,0,0.0421,0.000291,0.17,0.15,0.851,128.015,3
spotify:track:2jNyiavSywmA472t2m6ZBz,"What Was That","What Was That","Lorde",2025-04-24,209286,27,false,menisadi,2025-12-15T20:17:44Z,"","Universal Music New Zealand Limited",0.44,0.615,0,-6.768,1,0.347,0.321,0.0000338,0.102,0.161,168.152,5
spotify:track:3vaYdeBFQpYbcd0VfeZa6X,"לפני שהכל נרדם","לפני שהכל נרדם","Alma Gov;Avner Tueg",2025-02-13,196262,25,false,menisadi,2025-12-15T20:17:44Z,"","Universal Music Israel Distributed Labels",0.492,0.546,8,-8.948,0,0.0274,0.58,0.034,0.111,0.56,105.905,4
spotify:track:6HbxpoChDH9ThadFOSAnma,"Autumn Town Leaves","Weed Garden","Iron & Wine",2018-08-31,195200,59,false,menisadi,2025-12-15T20:17:44Z,"indie folk","Sub Pop Records",0.662,0.322,1,-15.115,1,0.0304,0.855,0.0019,0.144,0.425,115.771,4
spotify:track:7s2kWabRM60W9I61HpKg8C,"Solar Power","Solar Power","Lorde",2021-08-20,192621,60,false,menisadi,2025-12-15T20:17:44Z,"","Universal Music New Zealand Limited",0.73,0.483,4,-8.565,1,0.0879,0.237,0.0000799,0.31,0.883,87.996,4
spotify:track:6tAHoWuZoM6QprTo61SBne,"Got To Be Mine","Dot","Vulfmon;Evangeline",2024-07-23,188114,59,false,menisadi,2025-12-15T20:17:44Z,"","Vulf Records",0.791,0.758,7,-7.323,1,0.0527,0.217,0.022,0.349,0.888,96.146,4
spotify:track:7iQmjnDXYngWGsbjVnDc1U,"Amsterdam","The Weatherman","Gregory Alan Isakov",2013-07-09,198640,73,false,menisadi,2025-12-15T20:17:44Z,"indie folk,folk,folk pop","Suitcase Town Music",0.553,0.429,3,-12.51,1,0.0283,0.921,0.135,0.115,0.532,152.047,3
spotify:track:5ihS6UUlyQAfmp48eSkxuQ,"Landslide","Fleetwood Mac","Fleetwood Mac",1975-07-11,199493,84,false,menisadi,2025-12-15T20:17:44Z,"classic rock,yacht rock,soft rock","Warner Records",0.414,0.161,7,-22.32,0,0.0318,0.883,0.000223,0.117,0.423,159.375,4
spotify:track:51rfRCiUSvxXlCSCfIztBy,"I Love You, I'm Sorry","The Secret of Us","Gracie Abrams",2024-06-21,157146,87,true,menisadi,2025-12-15T20:17:44Z,"","Gracie Abrams, under exclusive license to Interscope Records",0.53,0.406,10,-7.507,1,0.033,0.656,0,0.133,0.338,115.94,3
spotify:track:24slF4hf2UCFOHfT5QR7Wf,"טוב לאדם","נקיון","הגל השני;Tomer Yeshayahu",2020-09-13,132315,29,false,menisadi,2025-12-15T20:17:44Z,"","Digistage",0.428,0.238,3,-10.248,1,0.0313,0.845,0.000357,0.377,0.308,190.078,3
spotify:track:43wwn1EmqxcMOWYSd0Gk2Z,"Patterns","Patterns","Laura Marling",2024-07-10,260509,55,false,menisadi,2025-12-15T20:17:44Z,"singer-songwriter,southern gothic,folk,indie folk","Chrysalis Records",0.491,0.215,1,-14.63,1,0.034,0.914,0.396,0.106,0.209,98.416,4
spotify:track:2y6vEKzRcA49gCJEv9DP8N,"Rust.","Rust.","Mon Rovîa",2024-11-29,215652,63,false,menisadi,2025-12-15T20:17:44Z,"","Nettwerk Music Group",0.663,0.387,7,-10.608,1,0.0339,0.669,0.0678,0.116,0.355,137.943,4
spotify:track:1Q1b8eVkUPGlpSArl8JAVw,"Heart of Gold - 2009 Remaster","Harvest (2009 Remaster)","Neil Young",1972-02-14,187013,65,false,menisadi,2025-12-15T20:17:44Z,"classic rock,folk rock,singer-songwriter,roots rock","Reprise",0.541,0.459,4,-10.433,0,0.0297,0.189,0.0274,0.099,0.802,171.163,4
spotify:track:2uqYupMHANxnwgeiXTZXzd,"Austin (Boots Stop Workin')","What Happens Now?","Dasha",2024-02-16,171782,82,true,menisadi,2025-12-15T20:17:44Z,"","Warner Records",0.756,0.672,0,-6.743,1,0.0522,0.464,0.00000337,0.108,0.739,114.935,4
spotify:track:3JxE1VLDvO3B0l27LPunRt,"Heartbreakdown","Heartbreakdown","SYML",2025-02-07,254822,35,false,menisadi,2025-12-15T20:17:44Z,"","Nettwerk Music Group",0.52,0.288,8,-9.842,1,0.0281,0.643,0.0000106,0.104,0.353,104.8,4
spotify:track:7pdmBld4yW3WIUkrxHyb5r,"Northern Sky","Bryter Layter","Nick Drake",1971-03-05,223722,67,false,menisadi,2025-12-15T20:17:44Z,"folk,singer-songwriter","UMC (Universal Music Catalogue)",0.552,0.447,5,-11.076,0,0.039,0.187,0.873,0.117,0.45,90.344,4
spotify:track:3AyuigFWbuirWHvidbMz8O,"Should Have Known Better","Carrie & Lowell","Sufjan Stevens",2015-03-31,307697,63,false,menisadi,2025-12-15T20:17:44Z,"baroque pop","Asthmatic Kitty",0.493,0.171,7,-20.696,1,0.0317,0.98,0.263,0.126,0.296,90.928,4
spotify:track:77K5TB5KZmDZCoJCdd1NvE,"Famous Blue Raincoat","Songs Of Love And Hate","Leonard Cohen",1971-03-19,310773,10,false,menisadi,2025-12-15T20:17:44Z,"singer-songwriter","Columbia",0.474,0.0404,9,-22.208,0,0.0387,0.948,0.000263,0.111,0.18,119.415,3
spotify:track:6aqNCrRA7vs7v6QvRpI50t,"Dancing On My Own","Body Talk","Robyn",2010-01-01,285853,66,false,menisadi,2025-12-15T20:17:44Z,"swedish pop","Universal-Island Records Ltd.",0.674,0.857,6,-5.328,1,0.0346,0.0557,0.196,0.0942,0.278,117.028,4
spotify:track:6Uwi2Qk3H7fM4b4W4ExrAp,"Scott Street","Stranger in the Alps","Phoebe Bridgers",2017-09-22,305000,79,true,menisadi,2025-12-15T20:17:44Z,"","Dead Oceans",0.508,0.417,10,-9.632,1,0.0296,0.77,0.0928,0.0887,0.483,134.944,4
spotify:track:0ZNYGrmcehorhh9JOeg5Iv,"Stay Alive - From ""The Secret Life of Walter Mitty"" Soundtrack","Stay Alive (From The Secret Life Of Walter Mitty)","José González",2013-01-01,266906,70,false,menisadi,2025-12-15T20:17:44Z,"indie folk","The Secret Life of Walter Mitty",0.714,0.306,6,-12.111,1,0.0388,0.726,0.168,0.0924,0.314,129.984,4
spotify:track:6dDxgfvM8pJm7AzmLZB1nN,"Such Great Heights","Around the Well","Iron & Wine",2009-05-19,251280,57,false,menisadi,2025-12-15T20:17:44Z,"indie folk","Sub Pop Records",0.611,0.275,6,-10.644,1,0.028,0.808,0.911,0.403,0.552,94.116,4
spotify:track:1Q27Qa4jaZ3AxS9fIBR0qA,"אתה כולם","אתה כולם","יוגב גלוסמן",2024-01-15,260350,32,false,menisadi,2025-12-15T20:17:44Z,"mizrahi","NaNa Disc",0.686,0.58,11,-9.07,0,0.0246,0.582,0.415,0.0898,0.659,109.42,4
spotify:track:38zsOOcu31XbbYj9BIPUF1,"Your Song","Elton John","Elton John",1970-04-10,241786,80,false,menisadi,2025-12-15T20:17:44Z,"","UMC (Universal Music Catalogue)",0.552,0.315,3,-11.028,1,0.0299,0.828,0.00000552,0.101,0.324,128.187,4
spotify:track:1Omt5bfz1tZUCqd26HxbS0,"Beyond","Good Thing","Leon Bridges",2018-05-04,240598,76,false,menisadi,2025-12-15T20:17:44Z,"retro soul","Columbia",0.581,0.687,6,-5.4,1,0.105,0.229,0,0.109,0.187,76.014,4
spotify:track:3hhbDnFUb2bicI2df6VurK,"River","Coming Home (Deluxe)","Leon Bridges",2015-06-23,238560,77,false,menisadi,2025-12-15T20:17:44Z,"retro soul","Columbia",0.635,0.184,8,-10.785,1,0.0456,0.665,0,0.146,0.177,128.424,4
spotify:track:77KubVuCAdtcU072UEdr3B,"שוב במדבר","עולם שלי","Alma Gov",2024-07-17,236069,41,false,menisadi,2025-12-15T20:17:44Z,"","Universal Music Israel Distributed Labels",0.441,0.409,8,-9.354,0,0.0321,0.915,0.00000156,0.104,0.249,98.067,4
